Solution,Category
Meditation,Mindfulness and Relaxation Techniques
Progressive Muscle Relaxation,Mindfulness and Relaxation Techniques
Deep Breathing Exercises,Mindfulness and Relaxation Techniques
Guided Imagery,Mindfulness and Relaxation Techniques
Body Scan Meditation,Mindfulness and Relaxation Techniques
Yoga,Physical Activity and Healthy Habits
Tai Chi,Physical Activity and Healthy Habits
Mindful Walking,Physical Activity and Healthy Habits
Mantra Repetition,Mindfulness and Relaxation Techniques
Journaling,Mindfulness and Relaxation Techniques
Regular Exercise,Physical Activity and Healthy Habits
Team Sports,Physical Activity and Healthy Habits
Dancing,Physical Activity and Healthy Habits
Spending Time in Nature,Physical Activity and Healthy Habits
Getting Enough Sleep,Physical Activity and Healthy Habits
Eating a Balanced Diet,Physical Activity and Healthy Habits
Staying Hydrated,Physical Activity and Healthy Habits
Limiting Caffeine and Alcohol,Physical Activity and Healthy Habits
Quitting Smoking,Physical Activity and Healthy Habits
Taking Breaks,Cognitive Behavioral Therapy (CBT) Techniques
Challenge Negative Thoughts,Cognitive Behavioral Therapy (CBT) Techniques
Practice Gratitude,Cognitive Behavioral Therapy (CBT) Techniques
Develop Coping Mechanisms,Cognitive Behavioral Therapy (CBT) Techniques
Set Realistic Goals,Cognitive Behavioral Therapy (CBT) Techniques
Practice Time Management,Cognitive Behavioral Therapy (CBT) Techniques
Learn to Say No,Cognitive Behavioral Therapy (CBT) Techniques
Accept What You Cannot Control,Cognitive Behavioral Therapy (CBT) Techniques
Practice Forgiveness,Cognitive Behavioral Therapy (CBT) Techniques
Develop Humor,Cognitive Behavioral Therapy (CBT) Techniques
Celebrate Accomplishments,Cognitive Behavioral Therapy (CBT) Techniques
Spend Time with Loved Ones,Social Connection and Support
Join a Support Group,Social Connection and Support
Seek Professional Help,Social Connection and Support
Art Therapy,Creative Expression and Sensory Experiences
Music Therapy,Creative Expression and Sensory Experiences
Aromatherapy,Creative Expression and Sensory Experiences
Coloring,Creative Expression and Sensory Experiences
Nature Sounds,Creative Expression and Sensory Experiences
Gardening,Creative Expression and Sensory Experiences
Pet Therapy,Creative Expression and Sensory Experiences
Singing or Humming,Creative Expression and Sensory Experiences
Dancing,Creative Expression and Sensory Experiences
Gratitude Meditation,Mindfulness Practices and Self-Care
Loving-Kindness Meditation,Mindfulness Practices and Self-Care
Mindful Eating,Mindfulness Practices and Self-Care
Digital Detox,Mindfulness Practices and Self-Care
Spend Time in Silence,Mindfulness Practices and Self-Care
Get a Massage,Mindfulness Practices and Self-Care
Take a Warm Bath,Mindfulness Practices and Self-Care
Light Exercise,Mindfulness Practices and Self-Care
Get Enough Sunlight,Mindfulness Practices and Self-Care
Practice Laughter,Mindfulness Practices and Self-Care
,
,
Visualization for Relaxation,Mindfulness and Relaxation Techniques
Mindfulness Apps and Games,Mindfulness and Relaxation Techniques
Progressive Muscle Relaxation with Visualization,Mindfulness and Relaxation Techniques
Focus on the Present Moment,Mindfulness and Relaxation Techniques
Body Awareness Movement,Mindfulness and Relaxation Techniques
Identify Stress Triggers,Cognitive Behavioral Therapy (CBT) Techniques
Challenge Catastrophizing,Cognitive Behavioral Therapy (CBT) Techniques
Practice Cognitive Restructuring,Cognitive Behavioral Therapy (CBT) Techniques
Develop Positive Coping Mechanisms,Cognitive Behavioral Therapy (CBT) Techniques
Practice Assertiveness,Cognitive Behavioral Therapy (CBT) Techniques
Volunteer Work,Social Connection and Support
Join a Club or Group,Social Connection and Support
Seek Professional Help,Social Connection and Support
Open Up to Trusted Friends or Family,Social Connection and Support
Build a Gratitude Network,Social Connection and Support
Creative Writing,Creative Expression and Sensory Experiences
Playing Music,Creative Expression and Sensory Experiences
Cooking or Baking,Creative Expression and Sensory Experiences
Candlelit Relaxation,Creative Expression and Sensory Experiences
Spending Time with Pets,Creative Expression and Sensory Experiences
